{
    "colony": {
        "precision": 0.9812850904553961,
        "recall": 0.9806733167082294,
        "f1-score": 0.9809791082008107,
        "support": 1604.0
    },
    "non-colony": {
        "precision": 0.9905430140329469,
        "recall": 0.9908452853219408,
        "f1-score": 0.9906941266209001,
        "support": 3277.0
    },
    "accuracy": 0.9875025609506248,
    "macro avg": {
        "precision": 0.9859140522441715,
        "recall": 0.9857593010150851,
        "f1-score": 0.9858366174108554,
        "support": 4881.0
    },
    "weighted avg": {
        "precision": 0.9875006642238113,
        "recall": 0.9875025609506248,
        "f1-score": 0.9875015657633253,
        "support": 4881.0
    }
}